Symbol,Series,Date,Prev Close,Adj_Open,Adj_High,Adj_Low,Last Price,Adj_Close,Average Price,Total Traded Quantity,Turnover,Adj_Volume
RELIANCE,EQ,02-Apr-19,1391.85,1398,1403.1,1380.1,1388.2,1389.7,1390.35,8012636,11140373758,168893
RELIANCE,EQ,03-Apr-19,1389.7,1392.75,1403,1372,1374.6,1375.2,1390.2,7849461,10912295747,169662
RELIANCE,EQ,04-Apr-19,1375.2,1379,1383.7,1347.25,1354.5,1353.05,1360.64,8375674,11396256161,177047
RELIANCE,EQ,05-Apr-19,1353.05,1360.95,1363.9,1343,1355.85,1353.9,1352.52,6728239,9100090312,131955
RELIANCE,EQ,08-Apr-19,1353.9,1356,1357.5,1323.7,1328,1329.25,1335.09,8723577,11646734561,216174
RELIANCE,EQ,09-Apr-19,1329.25,1328.9,1340.7,1321,1338,1334.45,1330.46,9497621,12636159791,202524
RELIANCE,EQ,10-Apr-19,1334.45,1337.95,1348,1326.5,1331,1331.4,1337.99,7612711,10185730758,152322
RELIANCE,EQ,11-Apr-19,1331.4,1332.95,1353,1329,1350,1346.8,1338.41,5741333,7684265512,139852
RELIANCE,EQ,12-Apr-19,1346.8,1350,1356.9,1336.65,1340,1343.1,1346.08,5919742,7968461251,147697
RELIANCE,EQ,15-Apr-19,1343.1,1345,1348.95,1335,1339,1340.15,1341.32,4245127,5694089312,90689
RELIANCE,EQ,16-Apr-19,1340.15,1345,1360,1340,1345,1343.75,1349.7,7936553,10711981440,199659
RELIANCE,EQ,18-Apr-19,1343.75,1375,1389.75,1365,1386.05,1385.95,1379.51,17960482,24776645490,337505
RELIANCE,EQ,22-Apr-19,1385.95,1360,1367,1341.3,1344,1345.35,1353.82,10792748,14611422111,289829
RELIANCE,EQ,23-Apr-19,1345.35,1348,1373,1346,1364.65,1363.85,1362.98,9055300,12342230169,183025
RELIANCE,EQ,24-Apr-19,1363.85,1370.3,1394.8,1366.25,1389.5,1389.5,1379.35,7360887,10153225468,182147
RELIANCE,EQ,25-Apr-19,1389.5,1389.1,1412.4,1362.6,1370,1372.4,1391.77,13929820,19387122710,275583
RELIANCE,EQ,26-Apr-19,1372.4,1375,1395.95,1370.7,1392,1392.8,1383.98,6889444,9534854406,160625
RELIANCE,EQ,30-Apr-19,1392.8,1396.4,1396.4,1366.8,1392.45,1392.8,1384.81,10217019,14148587975,210909
RELIANCE,EQ,02-May-19,1392.8,1392,1413.9,1382.1,1403.1,1405.05,1402.33,8682505,12175759294,203263
RELIANCE,EQ,03-May-19,1405.05,1407.95,1417.5,1402.65,1409.9,1408.85,1412.19,6510169,9193624810,174995
RELIANCE,EQ,06-May-19,1408.85,1398,1402.8,1378.1,1382.95,1384.9,1392.39,7237910,10078024781,151864
RELIANCE,EQ,07-May-19,1384.9,1394.8,1395,1340.2,1341,1343.5,1361.64,8877095,12087393002,214252
RELIANCE,EQ,08-May-19,1343.5,1340,1340,1292.2,1297.75,1299.45,1313.1,14610543,19185103692,354813
RELIANCE,EQ,09-May-19,1299.45,1288.8,1288.8,1251.75,1253.15,1256.45,1265.1,19507368,24678759802,389079
RELIANCE,EQ,10-May-19,1256.45,1265,1277.7,1245,1245.75,1251.15,1263.56,11226831,14185772329,231193
RELIANCE,EQ,13-May-19,1251.15,1247.9,1260.8,1227.5,1229.9,1232.05,1246.96,8047801,10035248863,165987
RELIANCE,EQ,14-May-19,1232.05,1236.5,1269.35,1231.5,1267,1260.45,1252.66,13001004,16285800117,237275
RELIANCE,EQ,15-May-19,1260.45,1273,1278,1250.6,1256,1256.9,1269.53,11163801,14172762818,199165
RELIANCE,EQ,16-May-19,1256.9,1259.95,1271.9,1258.1,1269.2,1265.35,1264.7,6606652,8355421933,165495
RELIANCE,EQ,17-May-19,1265.35,1267,1276.95,1252,1269,1267.4,1268.85,7898440,10021920301,153297
RELIANCE,EQ,20-May-19,1267.4,1313.6,1337.7,1303.5,1328.55,1325.9,1319.23,12333937,16271303255,291230
RELIANCE,EQ,21-May-19,1325.9,1332.2,1367,1330.05,1339.9,1339.8,1348,13872055,18699517120,294207
RELIANCE,EQ,22-May-19,1339.8,1345.65,1359.7,1335.1,1344,1340.4,1345.18,11287400,15183604297,210505
RELIANCE,EQ,23-May-19,1340.4,1372,1392,1325,1336,1333.9,1364.45,17722514,24181412650,328622
RELIANCE,EQ,24-May-19,1333.9,1348,1353.8,1316.5,1338,1336.85,1334.73,10180759,13588548475,237096
RELIANCE,EQ,27-May-19,1336.85,1337.1,1337.5,1307,1313.2,1310.65,1322.83,7349720,9722442982,161412
RELIANCE,EQ,28-May-19,1310.65,1319.8,1334.8,1313.35,1330,1323.75,1323.88,19472659,25779560282,327818
RELIANCE,EQ,29-May-19,1323.75,1321,1333.3,1304.15,1315.6,1313.05,1321.09,7112830,9396655635,183211
RELIANCE,EQ,30-May-19,1313.05,1316.25,1342,1316.25,1330,1329.75,1329.55,10740841,14280455588,198892
RELIANCE,EQ,31-May-19,1329.75,1337.9,1341.9,1320.2,1330.1,1330.15,1330.68,11760178,15649085826,203751
RELIANCE,EQ,03-Jun-19,1330.15,1335,1367.25,1321.2,1364,1360.2,1344.47,8483610,11405935738,168454
RELIANCE,EQ,04-Jun-19,1360.2,1357.45,1374.25,1348.1,1353,1351.65,1358.17,7059911,9588561365,167875
RELIANCE,EQ,06-Jun-19,1351.65,1361.9,1361.9,1321.1,1326.15,1327.35,1335.47,7664319,10235481154,199549
RELIANCE,EQ,07-Jun-19,1327.35,1325.95,1327.25,1305.6,1311,1314.9,1314.55,6730595,8847672553,180263
RELIANCE,EQ,10-Jun-19,1314.9,1320.9,1327,1310.1,1320.5,1319.15,1319.5,5380148,7099110100,151279
RELIANCE,EQ,11-Jun-19,1319.15,1321.85,1334.5,1318,1329.55,1329.15,1327.51,5253790,6974448670,136433
RELIANCE,EQ,12-Jun-19,1329.15,1334.7,1338.4,1325,1333.2,1332.15,1332.57,4707716,6273369872,125940
RELIANCE,EQ,13-Jun-19,1332.15,1330,1334.7,1308.65,1323.65,1327.25,1322.47,7171189,9483684625,190475
RELIANCE,EQ,14-Jun-19,1327.25,1321.9,1325,1309.4,1320,1317.55,1316.01,6831331,8990093262,153945
RELIANCE,EQ,17-Jun-19,1317.55,1320,1320,1278.5,1282.25,1282.3,1291.9,6815554,8805027721,180983
RELIANCE,EQ,18-Jun-19,1282.3,1278.9,1287.95,1269.1,1278.5,1281,1279.9,7679193,9828580500,176329
RELIANCE,EQ,19-Jun-19,1281,1286.9,1302,1262.6,1282,1277.35,1284.31,6625604,8509322280,179058
RELIANCE,EQ,20-Jun-19,1277.35,1280,1300,1278,1299.9,1296.75,1288.38,4914012,6331138795,120935
RELIANCE,EQ,21-Jun-19,1296.75,1295.95,1296,1275.55,1278.7,1279.5,1282.04,10623098,13619185209,153633
RELIANCE,EQ,24-Jun-19,1279.5,1272.15,1276.45,1257.1,1261.85,1262.4,1264.03,5150998,6511020817,149137
RELIANCE,EQ,25-Jun-19,1262.4,1258.9,1298,1254.25,1295.4,1295.85,1281.36,6842363,8767510683,157350
RELIANCE,EQ,26-Jun-19,1295.85,1291,1304.6,1286.35,1291.9,1294.15,1295.88,5299942,6868096872,137376
RELIANCE,EQ,27-Jun-19,1294.15,1293.15,1296.9,1271,1276,1274.15,1281.11,11385972,14586656141,213461
RELIANCE,EQ,28-Jun-19,1274.15,1277.1,1282.85,1248.65,1254,1253.1,1261.89,8659721,10927608371,212372
RELIANCE,EQ,01-Jul-19,1253.1,1258.05,1272.65,1246.45,1268.9,1268.85,1263.04,6162080,7782945943,145700
RELIANCE,EQ,02-Jul-19,1268.85,1273.95,1281,1263.3,1279,1278.5,1272.92,4638751,5904738864,128065
RELIANCE,EQ,03-Jul-19,1278.5,1282.9,1286.5,1275.05,1282,1282.55,1281.62,4026032,5159834855,144904
RELIANCE,EQ,04-Jul-19,1282.55,1281.4,1291,1280,1284,1284,1285.9,4275148,5497406372,104947
RELIANCE,EQ,05-Jul-19,1284,1285.1,1290.5,1260,1262.9,1263.35,1275.14,4995344,6369748472,128927
RELIANCE,EQ,08-Jul-19,1263.35,1258,1268.1,1248.2,1252.5,1252.05,1256.53,6404544,8047480742,230442
RELIANCE,EQ,09-Jul-19,1252.05,1248.95,1283.5,1245.5,1283,1280.1,1272.67,8016757,10202649426,190477
RELIANCE,EQ,10-Jul-19,1280.1,1280.05,1289.35,1268.7,1277.1,1278.85,1277.53,5494315,7019145793,189719
RELIANCE,EQ,11-Jul-19,1278.85,1287,1289.8,1279.3,1280.5,1281.55,1284.68,3935460,5055815448,135350
RELIANCE,EQ,12-Jul-19,1281.55,1283,1300,1278.05,1278.55,1280.5,1292.37,7174054,9271567813,170857
RELIANCE,EQ,15-Jul-19,1280.5,1285,1289.5,1270.35,1276.5,1276.1,1276.79,4873164,6221997658,115484
RELIANCE,EQ,16-Jul-19,1276.1,1279.95,1294.9,1277.05,1292.1,1293,1285.92,4604019,5920407971,143941
RELIANCE,EQ,17-Jul-19,1293,1294.3,1297,1280,1280.5,1281.85,1287.12,4334958,5579597026,125052
RELIANCE,EQ,18-Jul-19,1281.85,1282,1286.4,1258,1264.9,1261.85,1269.25,5459896,6929997087,154201
RELIANCE,EQ,19-Jul-19,1261.85,1268.2,1272.95,1242.7,1253,1249,1256.85,7468515,9386768752,218081
RELIANCE,EQ,22-Jul-19,1249,1251,1284.5,1227.3,1278.1,1280.5,1262.08,13300153,16785913907,324798
RELIANCE,EQ,23-Jul-19,1280.5,1285,1293.9,1260.4,1275,1273.55,1281.65,9287951,11903864962,231082
RELIANCE,EQ,24-Jul-19,1273.55,1273.5,1278.8,1253.55,1260,1259.1,1261.14,6943982,8757320632,214822
RELIANCE,EQ,25-Jul-19,1259.1,1264,1269.05,1227,1235,1231.5,1245.25,9968545,12413340500,224275
RELIANCE,EQ,26-Jul-19,1231.5,1231.5,1242.5,1210,1217,1213.8,1222.79,9320481,11396954500,247585
RELIANCE,EQ,29-Jul-19,1213.8,1216.9,1222,1205.1,1211.4,1210.95,1212.37,8058035,9769288353,209633
RELIANCE,EQ,30-Jul-19,1210.95,1213.95,1220,1175.95,1177.6,1180.9,1199.24,9533344,11432780839,230470
RELIANCE,EQ,31-Jul-19,1180.9,1175.75,1185,1162.4,1165.2,1166.25,1173.86,9705619,11393035592,291399
RELIANCE,EQ,01-Aug-19,1166.25,1163.4,1188.2,1150.35,1185.75,1180.25,1163.85,10344862,12039909017,299918
RELIANCE,EQ,02-Aug-19,1180.25,1175.7,1198.25,1162.1,1183.55,1184.35,1181.63,10865385,12838863669,279007
RELIANCE,EQ,05-Aug-19,1184.35,1167,1167,1128,1141,1143.35,1143.81,13897461,15896018245,331944
RELIANCE,EQ,06-Aug-19,1143.35,1134.75,1149.6,1122,1122.35,1128.3,1137.27,13288909,15113039873,313122
RELIANCE,EQ,07-Aug-19,1128.3,1126.5,1138.55,1103.1,1104.4,1109.4,1118.77,11588879,12965339878,328317
RELIANCE,EQ,08-Aug-19,1109.4,1108.35,1158,1095.3,1156.65,1152.35,1124.86,14262936,16043824121,296960
RELIANCE,EQ,09-Aug-19,1152.35,1161.85,1175.5,1152.3,1161,1162.1,1166.33,10043949,11714585303,251552
RELIANCE,EQ,13-Aug-19,1162.1,1233.15,1302.8,1226,1275.3,1274.75,1274.8,47923444,61092901704,855344
RELIANCE,EQ,14-Aug-19,1274.75,1304,1304.45,1280.35,1288,1288.25,1292.12,14487137,18719162022,317664
RELIANCE,EQ,16-Aug-19,1288.25,1291.2,1291.8,1273,1278.5,1278,1280.75,10047496,12868358694,274722
RELIANCE,EQ,19-Aug-19,1278,1281.05,1296.8,1280,1290,1292.6,1289.52,7459859,9619648793,210583
RELIANCE,EQ,20-Aug-19,1292.6,1289.8,1292.6,1272.6,1278.55,1275.95,1280.83,6843460,8765276621,167203
RELIANCE,EQ,21-Aug-19,1275.95,1275.65,1278.65,1266.5,1271.05,1270.95,1271.42,4881553,6206485612,131602
RELIANCE,EQ,22-Aug-19,1270.95,1270.95,1271,1238.9,1244.2,1246.75,1251.88,6414937,8030748574,178072
RELIANCE,EQ,23-Aug-19,1246.75,1239,1284,1226.5,1276,1275.85,1258.18,9741262,12256262869,216956
RELIANCE,EQ,26-Aug-19,1275.85,1294,1294,1259,1265,1266.8,1274.2,8778739,11185873443,238915
RELIANCE,EQ,27-Aug-19,1266.8,1285,1285,1261.2,1274.35,1274.85,1272.49,12984396,16522569647,271002
RELIANCE,EQ,28-Aug-19,1274.85,1273.75,1281,1256.05,1260.05,1263.3,1266.27,5305639,6718393215,132293
RELIANCE,EQ,29-Aug-19,1263.3,1256.45,1260.25,1235.3,1242.05,1241.75,1247.45,8635974,10772946075,161172
RELIANCE,EQ,30-Aug-19,1241.75,1245.5,1254.4,1221,1253,1248.55,1237.5,11308120,13993833783,258498
RELIANCE,EQ,03-Sep-19,1248.55,1242.25,1243,1200,1200.45,1206.4,1222.13,8563009,10465120848,199762
RELIANCE,EQ,04-Sep-19,1206.4,1200.55,1205.25,1186.05,1202.4,1201.15,1196,15063355,18015841145,267845
RELIANCE,EQ,05-Sep-19,1201.15,1206.8,1213.2,1193.3,1193.4,1198.6,1202.7,10512763,12643724991,191114
RELIANCE,EQ,06-Sep-19,1198.6,1203,1229,1195.25,1220.5,1222.5,1215.37,10600234,12883178006,211038
RELIANCE,EQ,09-Sep-19,1222.5,1220.65,1233,1213.15,1221.7,1222.2,1224.14,5370758,6574555885,126178
RELIANCE,EQ,11-Sep-19,1222.2,1222.5,1240,1222.5,1232.05,1234.4,1233.81,5544468,6840842137,141564
RELIANCE,EQ,12-Sep-19,1234.4,1235,1240.45,1205.7,1211.5,1210.35,1222.41,5431139,6639105042,133763
RELIANCE,EQ,13-Sep-19,1210.35,1212,1228.5,1206.9,1226.7,1225.6,1216.36,5919260,7199926784,156260
RELIANCE,EQ,16-Sep-19,1225.6,1189,1219.1,1186.1,1210.6,1210.75,1205.64,9393731,11325440053,185168
RELIANCE,EQ,17-Sep-19,1210.75,1211,1211,1193.5,1196.95,1197.45,1201.83,7150435,8593600264,166672
RELIANCE,EQ,18-Sep-19,1197.45,1204.95,1216.3,1197.2,1209,1205.7,1205.99,6827281,8233652162,202069
RELIANCE,EQ,19-Sep-19,1205.7,1207.85,1209.7,1172.65,1179,1179.05,1189.5,6293454,7486075537,175486
RELIANCE,EQ,20-Sep-19,1179.05,1187.95,1269.9,1174.3,1254.35,1254.35,1238.4,22019674,27269067452,392062
RELIANCE,EQ,23-Sep-19,1254.35,1274.15,1281,1235,1236.35,1239.2,1249.95,9879751,12349237345,218447
RELIANCE,EQ,24-Sep-19,1239.2,1243.6,1298.8,1242.75,1277.5,1278.7,1282.47,15982067,20496560838,378923
RELIANCE,EQ,25-Sep-19,1278.7,1284,1295,1268.85,1280.6,1279.55,1284.48,8316894,10682857321,213332
RELIANCE,EQ,26-Sep-19,1279.55,1292,1298.8,1283.5,1296.5,1296.8,1293.25,8389212,10849310880,186669
RELIANCE,EQ,27-Sep-19,1296.8,1292.5,1315,1284,1307.5,1309.05,1307.46,8712980,11391851166,216408
RELIANCE,EQ,30-Sep-19,1309.05,1310,1335.75,1305.55,1333.4,1332.25,1322.09,11549746,15269859907,288338
RELIANCE,EQ,01-Oct-19,1332.25,1337,1342,1293.3,1303.7,1304.9,1320.17,8192597,10815596239,199164
RELIANCE,EQ,03-Oct-19,1304.9,1286,1314.7,1281.3,1311.6,1311.05,1305.35,6183107,8071137690,160832
RELIANCE,EQ,04-Oct-19,1311.05,1319.9,1328.6,1303.85,1307.75,1308.1,1318.17,6853954,9034653712,185130
RELIANCE,EQ,07-Oct-19,1308.1,1308.1,1320.8,1301.7,1308.9,1310.1,1312.08,4599818,6035333162,121109
RELIANCE,EQ,09-Oct-19,1310.1,1308.7,1329.95,1292.5,1328.7,1324.75,1309.53,8040938,10529814619,182007
RELIANCE,EQ,10-Oct-19,1324.75,1325,1369,1321,1360.15,1362.75,1356.95,16003744,21716222026,375692
RELIANCE,EQ,11-Oct-19,1362.75,1363.7,1365.6,1336.55,1350.1,1352.6,1352.25,7587648,10260367695,224923
RELIANCE,EQ,14-Oct-19,1352.6,1364.95,1364.95,1350.85,1356.9,1358,1358.27,6123412,8317237659,118992
RELIANCE,EQ,15-Oct-19,1358,1362.5,1370,1354.3,1364.15,1364.15,1364.34,4422075,6033214999,144636
RELIANCE,EQ,16-Oct-19,1364.15,1369.9,1379.65,1363.7,1374.5,1372.35,1371.43,8870701,12165579724,183051
RELIANCE,EQ,17-Oct-19,1372.35,1375,1399,1372,1394.95,1396.5,1384.72,7332464,10153421510,164517
RELIANCE,EQ,18-Oct-19,1396.5,1404,1427.9,1398.7,1416,1416.35,1416.38,12856410,18209582126,228083
RELIANCE,EQ,22-Oct-19,1416.35,1425,1436.85,1403.35,1417.4,1414.15,1420.93,12703054,18050195874,317936
RELIANCE,EQ,23-Oct-19,1414.15,1416.3,1425.95,1383.15,1394,1392.4,1403.41,8432964,11834877911,214712
RELIANCE,EQ,24-Oct-19,1392.4,1401,1441.4,1386.55,1435.1,1436.45,1415.13,10351384,14648603629,247194
RELIANCE,EQ,25-Oct-19,1436.45,1441.1,1441.45,1411.25,1428.25,1431.2,1426.02,6190013,8827068858,163477
RELIANCE,EQ,27-Oct-19,1431.2,1441,1445,1430,1435.5,1434.25,1437.86,1378313,1981825201,39531
RELIANCE,EQ,29-Oct-19,1434.25,1445.5,1480,1442.1,1470.1,1467.05,1465.55,11780494,17264861676,321298
RELIANCE,EQ,30-Oct-19,1467.05,1480,1484.55,1460.3,1482.6,1479.1,1471.89,7470723,10996072296,259287
RELIANCE,EQ,31-Oct-19,1479.1,1484,1489.65,1461.7,1465.1,1464.35,1471.86,8898168,13096851142,193629
RELIANCE,EQ,01-Nov-19,1464.35,1455,1461.8,1441,1456.15,1456.9,1451.6,6356579,9227241717,236195
RELIANCE,EQ,04-Nov-19,1456.9,1465.9,1471,1445.1,1460.65,1457.65,1456.28,6429329,9362882584,203644
RELIANCE,EQ,05-Nov-19,1457.65,1463.1,1468.95,1441,1447.5,1447.3,1449.21,5799318,8404412066,154824
RELIANCE,EQ,06-Nov-19,1447.3,1442.7,1446.45,1428.5,1433,1434.9,1436.25,6686289,9603195009,158809
RELIANCE,EQ,07-Nov-19,1434.9,1435,1463,1432.2,1461,1458.6,1448.68,6438749,9327688346,135012
RELIANCE,EQ,08-Nov-19,1458.6,1449,1459.65,1441.3,1446,1445.5,1448.5,5494844,7959284446,141759
RELIANCE,EQ,11-Nov-19,1445.5,1439.1,1444.25,1422.55,1427.8,1427.8,1431.4,5192423,7432416175,145722
RELIANCE,EQ,13-Nov-19,1427.8,1430,1475.9,1430,1469.1,1472.3,1460.74,11532364,16845751337,213111
RELIANCE,EQ,14-Nov-19,1472.3,1476,1481.6,1455.8,1458.25,1462.75,1466.92,6518339,9561881077,127557
RELIANCE,EQ,15-Nov-19,1462.75,1465.65,1486.8,1463.15,1466.8,1470.85,1476.84,7173674,10594340066,152000
RELIANCE,EQ,18-Nov-19,1470.85,1472.65,1486,1455.4,1460.05,1459.2,1468.4,6435097,9449287322,128242
RELIANCE,EQ,19-Nov-19,1459.2,1467,1514.9,1465,1511.55,1509.75,1496.45,13795569,20644325395,285115
RELIANCE,EQ,20-Nov-19,1509.75,1555.05,1572.4,1543.2,1548.5,1547.65,1559.65,19904164,31043534027,376334
RELIANCE,EQ,21-Nov-19,1547.65,1545,1556,1528.55,1540.5,1537.6,1538.44,6810577,10477684602,160090
RELIANCE,EQ,22-Nov-19,1537.6,1542.1,1569.5,1537.6,1548.05,1546.5,1551.32,10218978,15852947452,200632
RELIANCE,EQ,25-Nov-19,1546.5,1551.15,1564.8,1551,1562,1561.55,1559.1,6924313,10795666734,119670
RELIANCE,EQ,26-Nov-19,1561.55,1568.1,1576.35,1556,1561.2,1560.25,1563.16,16152137,25248383481,218748
RELIANCE,EQ,27-Nov-19,1560.25,1559.95,1575.5,1556.1,1575.1,1569.85,1564.27,4408336,6895829808,107469
RELIANCE,EQ,28-Nov-19,1569.85,1572.65,1584.15,1563.95,1582,1580.3,1576.23,6284885,9906407922,163816
RELIANCE,EQ,29-Nov-19,1580.3,1581.95,1581.95,1547.85,1553,1551.15,1558.76,8484822,13225831194,237128
RELIANCE,EQ,02-Dec-19,1551.15,1600,1614.45,1577,1586.9,1586.5,1592.74,14275186,22736671351,273497
RELIANCE,EQ,03-Dec-19,1586.5,1592.75,1594,1572.6,1582,1578.9,1580.07,5938786,9383687343,132025
RELIANCE,EQ,04-Dec-19,1578.9,1573,1577.5,1533.75,1554.5,1552.7,1551.77,9594828,14888958079,246981
RELIANCE,EQ,05-Dec-19,1552.7,1574,1579.75,1544,1551,1550.85,1561.41,9117022,14235446633,217414
RELIANCE,EQ,06-Dec-19,1550.85,1553,1568,1541.1,1554.5,1554.9,1555.3,5982129,9304004870,127437
RELIANCE,EQ,09-Dec-19,1554.9,1556.15,1577.4,1546.5,1572.95,1572.6,1565.26,5779807,9046924671,142669
RELIANCE,EQ,10-Dec-19,1572.6,1572.05,1573.6,1554.15,1564.9,1561.95,1561.68,4650906,7263249188,135279
RELIANCE,EQ,11-Dec-19,1561.95,1555.6,1574.5,1550.6,1561,1562.4,1560.15,5652698,8819046878,159685
RELIANCE,EQ,12-Dec-19,1562.4,1570.25,1573.85,1556.65,1571.1,1568.2,1564.76,4720977,7387206060,134048
RELIANCE,EQ,13-Dec-19,1568.2,1580,1590,1572.4,1584.05,1582.9,1580.61,5791522,9154160089,138857
RELIANCE,EQ,16-Dec-19,1582.9,1592,1593.9,1564.35,1571,1566.6,1575.62,5436951,8566568694,143743
RELIANCE,EQ,17-Dec-19,1566.6,1566.75,1579,1555.55,1567,1562.7,1564.71,9291724,14538834628,188391
RELIANCE,EQ,18-Dec-19,1562.7,1563,1580,1562,1577.15,1575.85,1569.63,6739582,10578662434,220134
RELIANCE,EQ,19-Dec-19,1575.85,1573.7,1614.9,1571.8,1613,1609.95,1595.68,9375484,14960269699,194045
RELIANCE,EQ,20-Dec-19,1609.95,1615,1617.55,1596.1,1600,1599.1,1604.6,9724619,15604131779,164538
RELIANCE,EQ,23-Dec-19,1599.1,1560.1,1577.55,1557.8,1570.95,1571.4,1567.33,11478429,17990493040,259306
RELIANCE,EQ,24-Dec-19,1571.4,1568.9,1572.05,1542.5,1544.5,1546.45,1555.42,8251144,12833955163,194127
RELIANCE,EQ,26-Dec-19,1546.45,1541.65,1552.95,1510.15,1515.8,1515.4,1527.47,13605737,20782349005,208335
RELIANCE,EQ,27-Dec-19,1515.4,1527,1546.2,1521.3,1542,1542.35,1533.58,8081591,12393781505,160454
RELIANCE,EQ,30-Dec-19,1542.35,1545.95,1547.65,1528.05,1546.25,1544.2,1538.15,7828402,12041287379,141979
RELIANCE,EQ,31-Dec-19,1544.2,1542,1543.7,1508.05,1516,1514.05,1525.14,10150467,15480924274,220938
RELIANCE,EQ,01-Jan-20,1514.05,1518,1527.1,1505.5,1511.8,1509.6,1515.23,6402372,9701063103,122265
RELIANCE,EQ,02-Jan-20,1509.6,1512,1540.95,1512,1534.1,1535.3,1530.86,8096561,12394709676,151727
RELIANCE,EQ,03-Jan-20,1535.3,1533,1541.65,1523,1536,1537.15,1532.73,9593498,14704283072,149003
RELIANCE,EQ,06-Jan-20,1537.15,1520,1527.9,1498,1499.9,1501.5,1512.57,11209343,16954936800,225138
RELIANCE,EQ,07-Jan-20,1501.5,1519,1534.5,1513.5,1526.95,1524.6,1523.12,7627191,11617096335,180713
RELIANCE,EQ,08-Jan-20,1524.6,1515,1534.45,1510,1514,1513.15,1518.24,7336561,11138643618,169662
RELIANCE,EQ,09-Jan-20,1513.15,1538.6,1550,1531.25,1549.5,1548,1541.76,6849606,10560431963,154953
RELIANCE,EQ,10-Jan-20,1548,1551.9,1557.95,1539.65,1546.85,1547.65,1549.42,5704686,8838954165,136340
RELIANCE,EQ,13-Jan-20,1547.65,1545.05,1558.7,1538.4,1539.85,1543.7,1548.94,8358090,12946146807,143022
RELIANCE,EQ,14-Jan-20,1543.7,1540,1550,1521.85,1529.1,1529.4,1533.76,7230788,11090262628,173502
RELIANCE,EQ,15-Jan-20,1529.4,1535.85,1539.9,1518.25,1524.1,1523.85,1526.75,7231393,11040550715,212172
RELIANCE,EQ,16-Jan-20,1523.85,1529,1543.35,1528,1538.7,1537.9,1535.41,5873662,9018508367,164724
RELIANCE,EQ,17-Jan-20,1537.9,1553.5,1584.95,1553.2,1581,1581,1573,13469708,21187907268,279304
RELIANCE,EQ,20-Jan-20,1581,1609,1609,1526.4,1532.2,1532.35,1557.85,14878868,23179100842,338270
RELIANCE,EQ,21-Jan-20,1532.35,1528.6,1545.85,1522,1535,1533.9,1535.68,8650831,13284891871,233395
RELIANCE,EQ,22-Jan-20,1533.9,1544,1546.75,1531.1,1535.25,1533.35,1538.16,4719245,7258954216,143828
RELIANCE,EQ,23-Jan-20,1533.35,1536.5,1541.95,1520.7,1529.6,1526.85,1528.79,5142088,7861187151,149239
RELIANCE,EQ,24-Jan-20,1526.85,1527,1536.35,1518.55,1524.05,1521.55,1525.74,6687633,10203594713,152146
RELIANCE,EQ,27-Jan-20,1521.55,1514.9,1524.45,1505,1508,1506.55,1513.43,6120429,9262815086,130826
RELIANCE,EQ,28-Jan-20,1506.55,1508.6,1510,1463.6,1473.5,1471.75,1485.82,11215313,16663988524,271852
RELIANCE,EQ,29-Jan-20,1471.75,1474.05,1494.4,1464.05,1480,1479.85,1479.34,11313297,16736172828,254760
RELIANCE,EQ,30-Jan-20,1479.85,1479,1479.7,1440,1443,1443.75,1452.4,10241756,14875116667,231136
RELIANCE,EQ,31-Jan-20,1443.75,1453,1453.25,1407.2,1410,1411.65,1425.75,15886673,22650374557,330774
RELIANCE,EQ,01-Feb-20,1411.65,1405.3,1426.95,1371.1,1372,1383.35,1402.89,11022901,15463889562,243212
RELIANCE,EQ,03-Feb-20,1383.35,1369.9,1399.95,1363.05,1386,1385.5,1380.77,14040626,19386892661,370104
RELIANCE,EQ,04-Feb-20,1385.5,1400,1432.5,1397.8,1427.5,1426.4,1419.31,11604666,16470598997,286666
RELIANCE,EQ,05-Feb-20,1426.4,1434.9,1452.8,1430.3,1446.3,1448.5,1442.46,8444823,12181350644,242039
RELIANCE,EQ,06-Feb-20,1448.5,1454.1,1467,1440.1,1455,1457.8,1452.93,7103715,10321203996,163247
RELIANCE,EQ,07-Feb-20,1457.8,1451,1452.35,1428.3,1432,1433.65,1437.06,5581641,8021138869,134128
RELIANCE,EQ,10-Feb-20,1433.65,1428,1445.5,1410.45,1442.2,1435.6,1424.41,6922631,9860658649,143055
RELIANCE,EQ,11-Feb-20,1435.6,1447.4,1466.2,1445.05,1454.5,1452.75,1457.22,6400245,9326549622,224142
RELIANCE,EQ,12-Feb-20,1452.75,1456.15,1474.85,1455,1473.15,1470.3,1465.86,6187091,9069380788,192511
RELIANCE,EQ,13-Feb-20,1470.3,1477.75,1477.75,1462.6,1470.45,1474.15,1470.71,6201763,9120966120,116464
RELIANCE,EQ,14-Feb-20,1474.15,1477.25,1501.45,1453.1,1485.85,1487.6,1483.41,9704655,14395961760,229509
RELIANCE,EQ,17-Feb-20,1487.6,1489,1506.15,1474.3,1478.5,1478.25,1487.62,6011340,8942610639,150631
RELIANCE,EQ,18-Feb-20,1478.25,1475.9,1475.9,1457.4,1466.9,1467.4,1465.63,5086964,7455603061,142911
RELIANCE,EQ,19-Feb-20,1467.4,1479.35,1506.45,1475.1,1504.5,1503.8,1497.34,6438918,9641269217,249278
RELIANCE,EQ,20-Feb-20,1503.8,1497,1508,1483.8,1487,1485.95,1495.83,7722577,11551669677,176470
RELIANCE,EQ,24-Feb-20,1485.95,1469.75,1477,1439.55,1447.1,1444.95,1462.78,9769743,14291004524,237165
RELIANCE,EQ,25-Feb-20,1444.95,1451.4,1451.4,1410,1420,1416.4,1432.47,12684109,18169572259,281387
RELIANCE,EQ,26-Feb-20,1416.4,1410,1412.35,1387.35,1389.5,1392,1399.83,13423661,18790808836,268512
RELIANCE,EQ,27-Feb-20,1392,1388,1393.8,1369,1380.45,1386.25,1381.33,11454300,15822175752,240043
RELIANCE,EQ,28-Feb-20,1386.25,1354.9,1357,1325,1327,1328.65,1338.96,17973847,24066201012,373466
RELIANCE,EQ,02-Mar-20,1328.65,1355.1,1369,1301.1,1322,1316.15,1343.4,13486634,18117990645,274282
RELIANCE,EQ,03-Mar-20,1316.15,1329.7,1353.9,1322,1346.35,1342.85,1339.28,12525809,16775518804,275521
RELIANCE,EQ,04-Mar-20,1342.85,1352,1353.8,1307.9,1349,1339.7,1331.24,10105782,13453213012,297606
RELIANCE,EQ,05-Mar-20,1339.7,1352.2,1357.95,1306,1309.9,1311.15,1327.07,13948324,18510367253,319378
RELIANCE,EQ,06-Mar-20,1311.15,1270,1288.15,1241.1,1269.85,1271,1271.62,15422068,19610974599,389652
RELIANCE,EQ,09-Mar-20,1271,1240.05,1241,1095,1104.5,1114.15,1143.56,40317808,46105953149,846382
RELIANCE,EQ,11-Mar-20,1114.15,1108,1178.45,1108,1152,1153.55,1157.92,27237627,31538987521,490124
RELIANCE,EQ,12-Mar-20,1153.55,1085,1101,1048.7,1059,1063,1076.2,25588170,27538049024,646095
RELIANCE,EQ,13-Mar-20,1063,998,1140,942.4,1116.95,1105.3,1053.35,33509757,35297404438,706395
RELIANCE,EQ,16-Mar-20,1105.3,1060.55,1079.7,1005,1012.2,1015.7,1046.83,17594729,18418745886,441083
RELIANCE,EQ,17-Mar-20,1015.7,1047.25,1060,1003.2,1011.5,1008,1034.68,20777442,21497994559,463953
RELIANCE,EQ,18-Mar-20,1008,1025.3,1035.9,961,976.45,968.5,992.19,20450497,20290776264,499736
RELIANCE,EQ,19-Mar-20,968.5,920.1,967,892.2,917.7,917.7,918.86,28072062,25794360274,636588
RELIANCE,EQ,20-Mar-20,917.7,939.5,1034.9,930,1028,1017.95,983.98,28967526,28503444362,589033
RELIANCE,EQ,23-Mar-20,1017.95,916.2,950,875.65,891,884.05,899.32,18593713,16721615106,569206
RELIANCE,EQ,24-Mar-20,884.05,930,970,895.8,946,943.4,934.85,20919322,19556500214,590891
RELIANCE,EQ,25-Mar-20,943.4,963.8,1151.55,963.25,1074,1082.25,1053.49,33433126,35221338455,799060
RELIANCE,EQ,26-Mar-20,1082.25,1095.8,1116.9,1042.35,1069,1066.2,1074.95,20912934,22480324150,592742
RELIANCE,EQ,27-Mar-20,1066.2,1095,1107.3,1046.2,1067.95,1065.6,1070.06,19044644,20378895931,502817
RELIANCE,EQ,30-Mar-20,1065.6,1040.6,1074.8,1020,1031.5,1030.45,1044.14,13820286,14430304003,386770
RELIANCE,EQ,31-Mar-20,1030.45,1073.95,1129.8,1048,1100,1113.75,1093.37,20249909,22140676569,506536
RELIANCE,EQ,01-Apr-20,1113.75,1122.25,1124.6,1045.2,1084,1080.45,1072.84,19017099,20402365414,414675
RELIANCE,EQ,03-Apr-20,1080.45,1134.45,1134.45,1056.3,1088,1077.45,1077.52,18912044,20378095230,519365
RELIANCE,EQ,07-Apr-20,1077.45,1102.1,1214,1100,1211,1206.1,1161.27,24859057,28867992304,556669
RELIANCE,EQ,08-Apr-20,1206.1,1180,1229,1160,1197,1192.15,1194.6,22803774,27241443068,538577
RELIANCE,EQ,09-Apr-20,1192.15,1214,1232.8,1193,1217.75,1219.95,1214.91,15101711,18347214247,368355
RELIANCE,EQ,13-Apr-20,1219.95,1203.95,1215,1180,1192.5,1189.15,1191.64,10822871,12896993488,263593
RELIANCE,EQ,15-Apr-20,1189.15,1197.05,1236,1143,1157.5,1149.85,1191.73,16147959,19243981631,404270
RELIANCE,EQ,16-Apr-20,1149.85,1149.85,1187.45,1145,1170,1168.05,1172.19,17123533,20071955512,387003
RELIANCE,EQ,17-Apr-20,1168.05,1216,1230,1192.65,1229.9,1224,1208.12,15209707,18375116205,322391
RELIANCE,EQ,20-Apr-20,1224,1226,1257,1202,1248.1,1243.8,1228.75,16472339,20240404168,365965
RELIANCE,EQ,21-Apr-20,1243.8,1210,1252,1164,1251.5,1237.35,1204.07,28057706,33783478000,573205
RELIANCE,EQ,22-Apr-20,1237.35,1320,1384.9,1300,1359,1363.6,1341.48,65230894,87505942711,1194059
RELIANCE,EQ,23-Apr-20,1363.6,1367.35,1385.85,1353.3,1370.15,1370.9,1369.1,29928331,40974916121,612506
RELIANCE,EQ,24-Apr-20,1370.9,1350.15,1494.95,1347.2,1425.8,1417,1431.67,61711388,88350296136,1154959
RELIANCE,EQ,27-Apr-20,1417,1434,1475,1423,1431,1429.75,1448.31,26736512,38722699505,594518
RELIANCE,EQ,28-Apr-20,1429.75,1450,1455.45,1392.15,1430,1428.15,1421.22,35866381,50974111341,746066
RELIANCE,EQ,29-Apr-20,1428.15,1444.9,1453.65,1420,1427,1426.95,1436.42,17141540,24622404116,389293
RELIANCE,EQ,30-Apr-20,1426.95,1453.95,1494.95,1438.05,1464,1466,1467.88,32617901,47879255960,663204
RELIANCE,EQ,04-May-20,1466,1440,1465,1417.45,1435,1435.2,1442.94,24439240,35264364751,544309
RELIANCE,EQ,05-May-20,1435.2,1453.7,1479,1447.2,1462.65,1460.65,1464.23,20528706,30058697949,412545
RELIANCE,EQ,06-May-20,1460.65,1464,1484.95,1445.5,1461.5,1460.75,1468.54,18510304,27183196663,425042
RELIANCE,EQ,07-May-20,1460.75,1455,1513.65,1445,1512,1506.95,1484.86,22871529,33961065997,465254
RELIANCE,EQ,08-May-20,1506.95,1545,1579.9,1537.1,1559.45,1561.8,1560.62,38522385,60118628771,727915
RELIANCE,EQ,11-May-20,1561.8,1580,1615,1572.3,1575,1576.8,1592.89,30670404,48854566348,576001
RELIANCE,EQ,12-May-20,1576.8,1564.8,1568.35,1465,1486.45,1479.25,1511.39,46029119,69568011663,807575
RELIANCE,EQ,13-May-20,1479.25,1527,1527,1454,1492.5,1496.45,1481.1,30658051,45407632804,615366
RELIANCE,EQ,14-May-20,1496.45,1469,1496.7,1430.05,1437,1435.95,1457.61,22736714,33141191470,494402
RELIANCE,EQ,15-May-20,1435.95,1444,1466.7,1415.1,1453.2,1459.4,1439.85,28683432,41299828010,592403
RELIANCE,EQ,18-May-20,1459.4,1470,1482,1428,1442.55,1440.75,1452.86,28981620,42106270200,575336
RELIANCE,EQ,19-May-20,1440.75,1457,1461.7,1403.25,1409.1,1408.9,1436.68,19529216,28057214575,424987
RELIANCE,EQ,20-May-20,1408.9,1410,1446.85,1393,1437.4,1433.7,1426.52,25530692,36419940582,446373
RELIANCE,EQ,21-May-20,1433.7,1435,1461.45,1425,1440,1441.25,1443.94,18077196,26102458753,353235
RELIANCE,EQ,22-May-20,1441.25,1451.8,1458,1426.5,1433,1431.55,1442.31,17458503,25180593225,388907
RELIANCE,EQ,26-May-20,1431.55,1448.15,1449.7,1416.3,1426,1424.05,1428.7,15330793,21903166112,341795
RELIANCE,EQ,27-May-20,1424.05,1431,1454,1412,1449.85,1445.55,1430.2,16460764,23542230514,348477
RELIANCE,EQ,28-May-20,1445.55,1455,1479.75,1449,1471.05,1472.25,1467.5,18519252,27176980636,405603
RELIANCE,EQ,29-May-20,1472.25,1468,1472,1452.65,1470,1464.4,1462.79,18471770,27020285851,300018
RELIANCE,EQ,01-Jun-20,1464.4,1480,1538.35,1475.95,1521.9,1520.35,1512.99,18434065,27890475620,354436
RELIANCE,EQ,02-Jun-20,1520.35,1526,1540,1520.8,1537.95,1535.7,1531.68,10224102,15660044884,224472
RELIANCE,EQ,03-Jun-20,1535.7,1545,1560,1533.35,1543,1541.65,1543.74,11713666,18082824556,227825
RELIANCE,EQ,04-Jun-20,1541.65,1544,1589.5,1541,1576,1579.8,1570.24,15784612,24785560881,356122
RELIANCE,EQ,05-Jun-20,1579.8,1595,1618,1573.7,1579.2,1581.7,1596.41,15270435,24377905392,339237
RELIANCE,EQ,08-Jun-20,1581.7,1618.4,1618.4,1565,1571.8,1569.5,1588.27,14498055,23026897487,322987
RELIANCE,EQ,09-Jun-20,1569.5,1560.3,1583,1533,1535.9,1537.15,1555.91,11934073,18568335407,307011
RELIANCE,EQ,10-Jun-20,1537.15,1543.1,1579.55,1540.05,1575,1572.15,1556.73,10214426,15901058051,262174
RELIANCE,EQ,11-Jun-20,1572.15,1566,1567.95,1531,1538.8,1537.7,1546.33,9408283,14548302925,269490
RELIANCE,EQ,12-Jun-20,1537.7,1500,1593,1497,1588.7,1588.8,1552.68,17790565,27623018098,337575
RELIANCE,EQ,15-Jun-20,1588.8,1565,1626.95,1561.1,1612.3,1614.55,1593.39,24509162,39052737199,467105
RELIANCE,EQ,16-Jun-20,1614.55,1643,1648.55,1585.3,1614.05,1617.7,1617.17,23623299,38202982643,424919
RELIANCE,EQ,17-Jun-20,1617.7,1608.25,1635.45,1602.1,1611.85,1615.35,1618.64,19282519,31211518938,299203
RELIANCE,EQ,18-Jun-20,1615.35,1607,1665,1605.6,1662.9,1655.9,1636.4,18677694,30564098283,327308
RELIANCE,EQ,19-Jun-20,1655.9,1670,1788.8,1662,1763.2,1759.4,1727.35,48828852,84344321447,752773
RELIANCE,EQ,22-Jun-20,1759.4,1773.4,1804.2,1735,1752.5,1746.15,1771.18,27781772,49206651889,613265
RELIANCE,EQ,23-Jun-20,1746.15,1750,1763.75,1716.1,1721.7,1720.9,1731.86,17521196,30344310522,400333
RELIANCE,EQ,24-Jun-20,1720.9,1735.9,1772.7,1711.7,1732.5,1727.85,1739.65,23808524,41418523475,488048
RELIANCE,EQ,25-Jun-20,1727.85,1727,1749,1713.05,1719,1717.9,1728.41,18312705,31651803893,318478
RELIANCE,EQ,26-Jun-20,1717.9,1728.8,1752,1717,1750,1741.65,1731.91,14270695,24715505751,279769
RELIANCE,EQ,29-Jun-20,1741.65,1728.05,1739.75,1715.55,1722.7,1723.15,1724.38,11825126,20391055541,225499
RELIANCE,EQ,30-Jun-20,1723.15,1737,1741,1695.55,1707.5,1704.1,1718.1,13973038,24007093966,277133
RELIANCE,EQ,01-Jul-20,1704.1,1720,1749,1708.05,1736.25,1737.6,1730.01,13136706,22726570311,256982
RELIANCE,EQ,02-Jul-20,1737.6,1743,1767.6,1735.05,1759.5,1760.35,1755.2,13286760,23320864112,262833
RELIANCE,EQ,03-Jul-20,1760.35,1779.8,1793,1768,1788,1787.9,1781.69,13584004,24202508200,254096
RELIANCE,EQ,06-Jul-20,1787.9,1805,1858,1792.1,1855,1851.8,1832.66,21698149,39765301081,442095
RELIANCE,EQ,07-Jul-20,1851.8,1860,1864.35,1806.3,1822.15,1823.45,1831.78,16240102,29748224129,386666
RELIANCE,EQ,08-Jul-20,1823.45,1824.05,1834.95,1790,1795.4,1798,1812.33,12093523,21917489259,285951
RELIANCE,EQ,09-Jul-20,1798,1809,1835,1786.25,1826.75,1824.25,1813.36,16807403,30477877600,352813
RELIANCE,EQ,10-Jul-20,1824.25,1828.5,1884.6,1824.25,1880.2,1878.05,1859.58,20195490,37555184972,455198
RELIANCE,EQ,13-Jul-20,1878.05,1903.35,1947.7,1900,1938.7,1935,1927.07,32124397,61905840823,615947
RELIANCE,EQ,14-Jul-20,1935,1934,1941.7,1887.3,1915,1917,1917.96,31073591,59597787129,569875
RELIANCE,EQ,15-Jul-20,1917,1937.95,1978.8,1798,1842.35,1844,1917.63,64458598,1.24E+11,1285533
RELIANCE,EQ,16-Jul-20,1844,1847,1869,1812.45,1842.05,1843.4,1844.01,28133993,51879421166,543130
RELIANCE,EQ,17-Jul-20,1843.4,1845,1920,1838,1916,1911.7,1876.25,22949535,43059161082,487421
RELIANCE,EQ,20-Jul-20,1911.7,1917.8,1932,1899.65,1921.95,1919.9,1916.93,16887752,32372604466,339625
RELIANCE,EQ,21-Jul-20,1919.9,1939,1977,1936.5,1973.5,1971.55,1962.43,19463498,38195689330,375090
RELIANCE,EQ,22-Jul-20,1971.55,1983,2010,1960.7,2004,2004,1993.46,27584769,54989120617,547567
RELIANCE,EQ,23-Jul-20,2004,2003.95,2079.7,1991.35,2076,2057.8,2035.95,26921058,54810058388,498584
RELIANCE,EQ,24-Jul-20,2057.8,2058,2163,2057.8,2148.4,2146.15,2128.53,55656793,1.18E+11,1078097
RELIANCE,EQ,27-Jul-20,2146.15,2178.8,2198.8,2127.9,2154.95,2156.2,2169.68,37060949,80410276312,781374
RELIANCE,EQ,28-Jul-20,2156.2,2156.2,2194,2150.65,2177,2177.7,2175.67,25435618,55339580394,528044
RELIANCE,EQ,29-Jul-20,2177.7,2177.9,2182.8,2070.45,2092,2096.65,2124.29,33536361,71241119090,738739
RELIANCE,EQ,30-Jul-20,2096.65,2099,2139.7,2072,2101.9,2108.85,2111.03,33624516,70982380956,663693
RELIANCE,EQ,31-Jul-20,2108.85,2114.5,2129,2052.8,2070,2067.1,2077.02,34593375,71851185920,748942
RELIANCE,EQ,03-Aug-20,2067.1,2051.3,2057,2003.1,2007.65,2009,2029.05,21560137,43746668081,515571
RELIANCE,EQ,04-Aug-20,2009,2020.6,2167,2000.25,2158.4,2150.6,2098.08,42477225,89120494925,827312
RELIANCE,EQ,05-Aug-20,2150.6,2169,2196,2118.3,2132.1,2126.45,2153.72,34405886,74100545222,704272
RELIANCE,EQ,06-Aug-20,2126.45,2157,2167.7,2107.8,2136.55,2134.1,2139.59,22762726,48702811222,468092
RELIANCE,EQ,07-Aug-20,2134.1,2129.8,2157.8,2120.2,2146,2146.45,2141.31,15222384,32595833726,329099
RELIANCE,EQ,10-Aug-20,2146.45,2159.1,2165,2108.1,2121.6,2119.85,2136.58,12441939,26583161119,300073
RELIANCE,EQ,11-Aug-20,2119.85,2134.8,2160,2100.35,2132.85,2133.8,2133.3,21611359,46103431136,491594
RELIANCE,EQ,12-Aug-20,2133.8,2121,2145,2106.8,2126.55,2127.6,2129.79,13967529,29747858193,308155
RELIANCE,EQ,13-Aug-20,2127.6,2128,2138.9,2110,2125.8,2122.05,2122.69,11459251,24324473969,266729
RELIANCE,EQ,14-Aug-20,2122.05,2122.55,2157,2089.25,2112,2113.8,2129.96,15333759,32660268152,346390
RELIANCE,EQ,17-Aug-20,2113.8,2105,2105,2070.1,2094.05,2091.35,2085.65,14297224,29819054668,324590
RELIANCE,EQ,18-Aug-20,2091.35,2085,2134.3,2082.35,2120.2,2118.55,2118.58,14097932,29867537549,281219
RELIANCE,EQ,19-Aug-20,2118.55,2141,2154,2121.35,2137,2131.55,2137.37,15731409,33623807599,288995
RELIANCE,EQ,20-Aug-20,2131.55,2120,2123.9,2088,2098.6,2097.05,2109.01,10402292,21938504436,267102
RELIANCE,EQ,21-Aug-20,2097.05,2118,2122,2077,2084.75,2081.85,2096.99,11667281,24466208120,296981
RELIANCE,EQ,24-Aug-20,2081.85,2091.4,2104.5,2070.5,2099.95,2095.75,2090.25,15099030,31560709786,323471
RELIANCE,EQ,25-Aug-20,2095.75,2106,2111.3,2078,2082,2082.1,2089.41,8947709,18695434041,202929
RELIANCE,EQ,26-Aug-20,2082.1,2085,2147.95,2047,2133.7,2137.3,2102.41,27631028,58091747447,533755
RELIANCE,EQ,27-Aug-20,2137.3,2148,2150,2103.25,2108.1,2110.6,2126.98,12962139,27570185760,297474
RELIANCE,EQ,28-Aug-20,2110.6,2120,2132.9,2106.25,2116,2116.15,2118.85,12537684,26565452934,267973
RELIANCE,EQ,31-Aug-20,2116.15,2174,2174,2060.35,2070,2080.7,2118.64,28649141,60697216689,541760
RELIANCE,EQ,01-Sep-20,2080.7,2100,2122.4,2062.4,2092,2087.25,2091.83,17821488,37279521465,327904
RELIANCE,EQ,02-Sep-20,2087.25,2092,2138,2085,2128.55,2128.2,2119.29,12437209,26358056793,281041
RELIANCE,EQ,03-Sep-20,2128.2,2128,2138.75,2103,2114,2112.1,2112.86,8577741,18123586030,219117
RELIANCE,EQ,04-Sep-20,2112.1,2083.55,2096.95,2072.2,2080,2077.25,2084.73,13141705,27396936571,365456
RELIANCE,EQ,07-Sep-20,2077.25,2084,2105.75,2044.25,2099.6,2082.65,2071.8,10119099,20964707499,255801
RELIANCE,EQ,08-Sep-20,2082.65,2092,2121,2080.5,2103.1,2107.1,2108.01,12643762,26653239816,287150
RELIANCE,EQ,09-Sep-20,2107.1,2085,2167.8,2081.45,2163.55,2161.35,2136.84,25526055,54545044441,531323
RELIANCE,EQ,10-Sep-20,2161.35,2183.1,2344.95,2175.35,2319,2314,2275.51,64751766,1.47E+11,1233053
RELIANCE,EQ,11-Sep-20,2314,2312,2337.85,2287.1,2315,2319.75,2318.58,27445883,63635412477,599768
RELIANCE,EQ,14-Sep-20,2319.75,2325,2360,2282,2296.25,2302.55,2323.57,20335480,47250941267,450188
RELIANCE,EQ,15-Sep-20,2302.55,2311.95,2325.75,2288.15,2324,2318.85,2311.23,12543161,28990110978,270331
RELIANCE,EQ,16-Sep-20,2318.85,2320,2369.35,2310.55,2324.9,2324.55,2339.46,15669133,36657370888,321651
RELIANCE,EQ,17-Sep-20,2324.55,2320,2333.7,2291.85,2296,2298.75,2310.29,11919991,27538576984,286325
RELIANCE,EQ,18-Sep-20,2298.75,2314.25,2319.45,2276.55,2303.6,2305.7,2305.1,15264101,35185252646,219641
RELIANCE,EQ,21-Sep-20,2305.7,2300,2336,2247.35,2250,2255.85,2291.38,15519433,35560977455,342489
RELIANCE,EQ,22-Sep-20,2255.85,2277,2277,2201.55,2220.05,2211.15,2225.36,16056621,35731708479,348897
RELIANCE,EQ,23-Sep-20,2211.15,2260,2276.75,2205.3,2228,2230.8,2242.58,19839809,44492265342,384190
RELIANCE,EQ,24-Sep-20,2230.8,2207.9,2226,2176.05,2195,2181.2,2200.65,13765321,30292605688,328090
RELIANCE,EQ,25-Sep-20,2181.2,2189,2212.8,2167.3,2198.85,2201.7,2191.17,13095950,28695471561,329859
RELIANCE,EQ,28-Sep-20,2201.7,2227,2238,2207.05,2218,2216.25,2221.39,9076787,20163062604,213955
RELIANCE,EQ,29-Sep-20,2216.25,2225,2264,2216.25,2241.9,2245.05,2242.3,11927459,26744967681,269649
RELIANCE,EQ,30-Sep-20,2245.05,2260,2267,2225,2231,2234.35,2251.01,11291280,25416740704,232560
RELIANCE,EQ,01-Oct-20,2234.35,2263.8,2263.8,2214,2229.05,2225.25,2237.62,9591467,21462014628,237645
RELIANCE,EQ,05-Oct-20,2225.25,2244,2249.15,2206,2215,2212.2,2222.94,8732890,19412649756,237138
RELIANCE,EQ,06-Oct-20,2212.2,2225.25,2233.9,2201.65,2213,2210.35,2213.64,8497352,18810040908,230575
RELIANCE,EQ,07-Oct-20,2210.35,2235,2309,2220,2259.4,2257.5,2276.27,24538620,55856495761,542898
RELIANCE,EQ,08-Oct-20,2257.5,2259,2268,2222.1,2241.5,2239.25,2242.24,9727508,21811437285,251543
RELIANCE,EQ,09-Oct-20,2239.25,2235,2253,2217.1,2239,2233.45,2232.05,8558747,19103582648,215729
RELIANCE,EQ,12-Oct-20,2233.45,2235,2255.75,2226.25,2236,2237.05,2239.55,6565525,14703804367,146831
RELIANCE,EQ,13-Oct-20,2237.05,2230.6,2285.75,2225.85,2279,2280.7,2259.76,10666280,24103209104,255851
RELIANCE,EQ,14-Oct-20,2280.7,2278.9,2304,2268.5,2283,2287.5,2284.78,12341487,28197589497,281008
RELIANCE,EQ,15-Oct-20,2287.5,2290,2290,2195,2203.25,2206.5,2241.04,9246893,20722639247,265699
RELIANCE,EQ,16-Oct-20,2206.5,2215,2232.5,2172.65,2178,2175.8,2197.33,9961080,21887776010,287579
RELIANCE,EQ,19-Oct-20,2175.8,2190.05,2228.7,2155.15,2175.5,2176.2,2189.75,14399062,31530332263,363717
RELIANCE,EQ,20-Oct-20,2176.2,2179,2193,2152.25,2155.85,2155.9,2166.54,8529621,18479742688,275082
RELIANCE,EQ,21-Oct-20,2155.9,2168,2192,2097.75,2122.65,2124.6,2143.87,15729989,33723125352,399065
RELIANCE,EQ,22-Oct-20,2124.6,2127.4,2132.5,2091,2111.9,2106.95,2107.04,14215255,29952115115,391498
RELIANCE,EQ,23-Oct-20,2106.95,2106,2135,2096.4,2112,2113.05,2118.9,10809383,22904053634,265187
RELIANCE,EQ,26-Oct-20,2113.05,2101.95,2101.95,2018.5,2034.9,2029.1,2052.69,17225340,35358322556,581238
RELIANCE,EQ,27-Oct-20,2029.1,2034.9,2059.85,2005,2034.4,2034.5,2026.38,16835011,34114088506,462764
RELIANCE,EQ,28-Oct-20,2034.5,2041.8,2057.7,2007.4,2008.9,2011.45,2026.02,13810054,27979442355,413849
RELIANCE,EQ,29-Oct-20,2011.45,1997,2042,1991,2029.05,2026.9,2019.57,14147681,28572185906,382087
RELIANCE,EQ,30-Oct-20,2026.9,2033.5,2065.1,2021.8,2064.35,2054.5,2040.66,15701123,32040607252,349177
RELIANCE,EQ,02-Nov-20,2054.5,2027,2027,1859.15,1876,1877.45,1927.55,45857806,88393320147,1428490
RELIANCE,EQ,03-Nov-20,1877.45,1890,1909,1835.1,1854.5,1850.4,1873.92,40931170,76701761539,990935
RELIANCE,EQ,04-Nov-20,1850.4,1837,1929,1837,1910.5,1913.2,1893.24,37003111,70055655614,888904
RELIANCE,EQ,05-Nov-20,1913.2,1954.95,1960.95,1932,1956.8,1955,1949.03,17170274,33465297066,448665
RELIANCE,EQ,06-Nov-20,1955,1990,2040,1978.15,2025,2029.15,2015.72,30770080,62023880104,649196
RELIANCE,EQ,09-Nov-20,2029.15,2062.1,2069,2036,2051,2050.7,2051.91,16539467,33937502974,384188
RELIANCE,EQ,10-Nov-20,2050.7,2077,2090,2041.2,2089,2084.55,2071.86,17045147,35315160451,399073
RELIANCE,EQ,11-Nov-20,2084.55,2089,2095,1978.1,1999.8,1997.2,2027.8,26178477,53084610845,647679
RELIANCE,EQ,12-Nov-20,1997.2,1981,2008.45,1965,1981.75,1980,1987.14,18481466,36725218563,440630
RELIANCE,EQ,13-Nov-20,1980,1982,2036.65,1981.75,2000.05,1996.4,2007.38,20946864,42048268832,507695
RELIANCE,EQ,14-Nov-20,1996.4,2014.9,2015.3,1995.35,2001.55,2002.3,2005.96,2411900,4838163828,99484
RELIANCE,EQ,17-Nov-20,2002.3,2085,2085,1985,1994.8,1993.25,2013.16,21479385,43241364015,462630
RELIANCE,EQ,18-Nov-20,1993.25,1993.25,2006.5,1960.1,1991.2,1987.2,1979.95,14030652,27780020120,410607
RELIANCE,EQ,19-Nov-20,1987.2,1987.2,2010.45,1968.2,1972,1973.15,1987.24,12828008,25492281433,307890
RELIANCE,EQ,20-Nov-20,1973.15,1975,1983.8,1895,1901,1899.5,1923.27,26522972,51010821673,794436
RELIANCE,EQ,23-Nov-20,1899.5,1951,1970,1926.25,1955.2,1950.7,1952.18,20918665,40837042220,497781
RELIANCE,EQ,24-Nov-20,1950.7,1964,1974,1932,1971.05,1964.05,1952.11,14277083,27870435600,362587
RELIANCE,EQ,25-Nov-20,1964.05,1980,1992.95,1942.2,1947.5,1947.8,1969.06,15062376,29658744016,356793
RELIANCE,EQ,26-Nov-20,1947.8,1953.05,1965,1930.05,1957,1952.6,1946.67,11924527,23213094744,266412
RELIANCE,EQ,27-Nov-20,1952.6,1940.5,1956.1,1921.4,1940.5,1929.8,1935.45,21845931,42281637553,314085
RELIANCE,EQ,01-Dec-20,1929.8,1940.35,1966.25,1930.05,1954.1,1954.9,1950.09,9114939,17774977231,272346
RELIANCE,EQ,02-Dec-20,1954.9,1958.5,1962,1935,1959,1958.15,1947.77,10240168,19945469659,236641
RELIANCE,EQ,03-Dec-20,1958.15,1972,1981.1,1958.65,1960.8,1964.05,1969.94,12822945,25260374207,270788
RELIANCE,EQ,04-Dec-20,1964.05,1969,1969,1940,1947.7,1946.75,1948.72,8521388,16605763759,286109
RELIANCE,EQ,07-Dec-20,1946.75,1940.6,1965,1940.6,1958.35,1958.2,1955.62,8418767,16463893633,267040
RELIANCE,EQ,08-Dec-20,1958.2,1961.15,2014.25,1950,1992.45,1993.75,1995.12,20030506,39963227134,460158
RELIANCE,EQ,09-Dec-20,1993.75,2009.95,2033.8,1999.25,2026,2026.95,2019.89,13464375,27196561520,303801
RELIANCE,EQ,10-Dec-20,2026.95,2021.6,2028.5,2001,2008,2007,2010.18,7414229,14903949696,212910
RELIANCE,EQ,11-Dec-20,2007,2013,2038,1974.25,1999.4,2005.8,2015.5,12434745,25062187258,265002
RELIANCE,EQ,14-Dec-20,2005.8,2007.95,2015,1986.35,1993.5,1991.3,1997.46,7989830,15959361790,248928
RELIANCE,EQ,15-Dec-20,1991.3,1989.7,1989.7,1961.1,1973.6,1974.35,1973.54,8561406,16896273509,240918
RELIANCE,EQ,16-Dec-20,1974.35,1988,1994.95,1965.7,1977.55,1976.55,1977.57,8565904,16939660871,233001
RELIANCE,EQ,17-Dec-20,1976.55,1984.5,2005,1977.15,1985.5,1985.6,1989.37,9346460,18593553237,280068
RELIANCE,EQ,18-Dec-20,1985.6,1980.1,2004.9,1965,1998.1,1991.55,1981.58,8522215,16887433569,226069
RELIANCE,EQ,21-Dec-20,1991.55,2010,2022,1855.25,1935,1939.7,1976.82,20368545,40264899448,514099
RELIANCE,EQ,22-Dec-20,1939.7,1949,1958.9,1888.45,1935,1936.7,1921.8,12986606,24957654770,374827
RELIANCE,EQ,23-Dec-20,1936.7,1930,1951.45,1920.65,1947,1943.85,1938.16,8999898,17443231403,282444
RELIANCE,EQ,24-Dec-20,1943.85,1947,1998.8,1945.9,1992.95,1994.15,1976.2,9588577,18948962896,250116
RELIANCE,EQ,28-Dec-20,1994.15,2006.7,2018,1995.3,2002,2003.3,2006.71,7947719,15948771620,214898
RELIANCE,EQ,29-Dec-20,2003.3,2009,2012.3,1982.55,1987,1990.05,1992.97,8589407,17118416326,242433
RELIANCE,EQ,30-Dec-20,1990.05,1995.25,2007.2,1975.55,1994.35,1995.5,1991.6,10173132,20260786998,234486
RELIANCE,EQ,31-Dec-20,1995.5,1993.5,2011.9,1978.6,1981.8,1985.3,1995.67,8667516,17297504921,226094
RELIANCE,EQ,01-Jan-21,1985.3,1988,1997,1982,1988,1987.5,1989.5,4622002,9195480292,139680
RELIANCE,EQ,04-Jan-21,1987.5,1995.1,1998.9,1968,1990.25,1990.85,1982.61,11312992,22429227857,316871
RELIANCE,EQ,05-Jan-21,1990.85,1969,1983.6,1956,1965,1966.1,1968.87,11132803,21919019063,300233
RELIANCE,EQ,06-Jan-21,1966.1,1965.9,1966,1905.15,1915.5,1914.25,1928.17,21414270,41290368153,659284
RELIANCE,EQ,07-Jan-21,1914.25,1920.5,1945,1905.15,1912.8,1911.15,1919.86,14918406,28641263321,454695
RELIANCE,EQ,08-Jan-21,1911.15,1918,1938.4,1912.1,1934,1933.7,1923.06,12709792,24441751753,270966
RELIANCE,EQ,11-Jan-21,1933.7,1938.8,1938.8,1892.5,1899,1897.25,1910.26,15371556,29363709013,479137
RELIANCE,EQ,12-Jan-21,1897.25,1903,1960,1899.9,1955.5,1957.05,1935.51,18996047,36766988576,417387
RELIANCE,EQ,13-Jan-21,1957.05,1963.55,1974.95,1918.45,1936,1938.8,1948.25,12284876,23934034448,304901
RELIANCE,EQ,14-Jan-21,1938.8,1945,1966.9,1939.05,1958.1,1960.6,1957.17,9946818,19467651412,287671
RELIANCE,EQ,15-Jan-21,1960.6,1960.6,1973.8,1920.05,1937.9,1937.45,1952.72,9503790,18558204988,264152
RELIANCE,EQ,18-Jan-21,1937.45,1949.1,1997,1923.35,1972.8,1983.95,1967.71,16198856,31874686565,399642
RELIANCE,EQ,19-Jan-21,1983.95,1994.65,2031,1994.65,2015,2016.4,2018.21,14771048,29811112716,411707
RELIANCE,EQ,20-Jan-21,2016.4,2021.4,2058,2001.4,2053,2054.7,2036.58,14271669,29065337316,456106
RELIANCE,EQ,21-Jan-21,2054.7,2082,2120,2075,2107,2099.4,2102.61,18038987,37928961935,483168
RELIANCE,EQ,22-Jan-21,2099.4,2111,2115.35,2035.15,2047.95,2049.6,2070.96,14090818,29181582565,388593
RELIANCE,EQ,25-Jan-21,2049.6,2034.95,2034.95,1932,1935.15,1941,1966.36,25016570,49191602456,723194
RELIANCE,EQ,27-Jan-21,1941,1925,1925,1888,1890,1895,1904.59,19553809,37241980448,637355
RELIANCE,EQ,28-Jan-21,1895,1880.15,1923.3,1870,1876.35,1876.55,1895.32,15722291,29798806094,446576
RELIANCE,EQ,29-Jan-21,1876.55,1894.3,1913.1,1830,1844.95,1841.95,1871.72,20173258,37758612332,472678
RELIANCE,EQ,01-Feb-21,1841.95,1859.4,1905,1848,1898.15,1895.3,1874.03,15774504,29561820671,370120
RELIANCE,EQ,02-Feb-21,1895.3,1914.25,1940,1854.95,1936,1925.8,1889.81,19138414,36168052851,561567
RELIANCE,EQ,03-Feb-21,1925.8,1928.3,1952,1900,1928.5,1930.65,1931.87,13984228,27015673443,345625
RELIANCE,EQ,04-Feb-21,1930.65,1924,1940,1905,1921.5,1924.3,1923.71,11826848,22751381754,332784
RELIANCE,EQ,05-Feb-21,1924.3,1930.05,1944.65,1920,1924.3,1923.75,1929.36,9344470,18028883268,263144
RELIANCE,EQ,08-Feb-21,1923.75,1933.05,1969,1929.05,1951.4,1951.45,1954.84,9776136,19110816695,287247
RELIANCE,EQ,09-Feb-21,1951.45,1961.95,1989.6,1952.3,1954.5,1956.15,1974.29,9047308,17861994119,254384
RELIANCE,EQ,10-Feb-21,1956.15,1953.75,1984.75,1927.3,1980.35,1974.3,1955.63,9799560,19164292386,288994
RELIANCE,EQ,11-Feb-21,1974.3,1980,2064.2,1972.25,2061.8,2055.7,2028.11,19631870,39815594030,546129
RELIANCE,EQ,12-Feb-21,2055.7,2055.5,2078,2015.4,2040,2041.6,2049.91,14074374,28851163932,369938
RELIANCE,EQ,15-Feb-21,2041.6,2048.05,2061.3,2025,2034,2032.6,2043.13,7287590,14889502308,222500
RELIANCE,EQ,16-Feb-21,2032.6,2039.75,2079.4,2035,2058.5,2059.5,2061.23,9886093,20377537337,274329
RELIANCE,EQ,17-Feb-21,2059.5,2060,2095.95,2050.6,2079.2,2083.25,2076.99,10957388,22758423346,257784
RELIANCE,EQ,18-Feb-21,2083.25,2085,2108.4,2059.1,2063.5,2067.7,2085.18,8605531,17944045241,228157
RELIANCE,EQ,19-Feb-21,2067.7,2057,2104.95,2053.3,2080,2080.3,2088.14,10800704,22553356631,279181
RELIANCE,EQ,22-Feb-21,2080.3,2080,2089.9,1994.95,1999.1,2008.1,2036.88,10985697,22376599862,309112
RELIANCE,EQ,23-Feb-21,2008.1,2048,2052.9,2013.6,2026.15,2023.45,2034.5,11834752,24077795769,275466
RELIANCE,EQ,24-Feb-21,2023.45,2030,2065.25,2026.15,2060.55,2061,2048.89,4987735,10219330133,135224
RELIANCE,EQ,25-Feb-21,2061,2076,2152,2073,2147,2144.35,2120.59,16085897,34111575088,452535
RELIANCE,EQ,26-Feb-21,2144.35,2117,2133.9,2070.7,2079.5,2085.8,2096.69,17297575,36267601929,489066
RELIANCE,EQ,01-Mar-21,2085.8,2110.2,2112,2062.5,2103,2101.7,2092.87,8159670,17077101153,266082
RELIANCE,EQ,02-Mar-21,2101.7,2122,2130,2089.1,2108,2106,2107.78,7915073,16683250359,244565
RELIANCE,EQ,03-Mar-21,2106,2121.05,2219.9,2107.2,2207.1,2202.1,2161.54,14733134,31846213370,326092
RELIANCE,EQ,04-Mar-21,2202.1,2180,2189.95,2157.7,2174,2175.85,2175.57,9892597,21522070321,259806
RELIANCE,EQ,05-Mar-21,2175.85,2156,2211.95,2153.05,2174.55,2178.7,2184.35,11773630,25717685129,312784
RELIANCE,EQ,08-Mar-21,2178.7,2168.5,2231.9,2168,2193,2191.1,2205.66,9002404,19856244553,300037
RELIANCE,EQ,09-Mar-21,2191.1,2200,2213.8,2146.6,2190.55,2191.05,2181.47,6993792,15256736216,227932
RELIANCE,EQ,10-Mar-21,2191.05,2207,2215.1,2170.25,2179.4,2181.95,2187.67,5316182,11630074902,163700
RELIANCE,EQ,12-Mar-21,2181.95,2195,2206.4,2123.9,2136.9,2137.6,2160.6,7783173,16816345899,244889
RELIANCE,EQ,15-Mar-21,2137.6,2140.05,2148.9,2080.5,2105,2108.9,2103.37,7706302,16209190176,268696
RELIANCE,EQ,16-Mar-21,2108.9,2114,2126,2095.5,2100.75,2100.6,2107.19,6402757,13491841405,235823
RELIANCE,EQ,17-Mar-21,2100.6,2098.05,2103,2035.1,2054.5,2055.35,2065.89,8865521,18315233171,241456
RELIANCE,EQ,18-Mar-21,2055.35,2072.9,2084.8,2001,2010,2009.1,2038.79,9528809,19427231150,295771
RELIANCE,EQ,19-Mar-21,2009.1,1991,2095.85,1982.8,2078.1,2082,2047.5,19284892,39485840254,431829
RELIANCE,EQ,22-Mar-21,2082,2071,2074,2033.2,2061,2062.4,2050.93,8571196,17578960666,234534
RELIANCE,EQ,23-Mar-21,2062.4,2061.95,2109.7,2056,2079.9,2087.5,2086.63,8039865,16776188635,220527
RELIANCE,EQ,24-Mar-21,2087.5,2079.75,2079.75,2040.4,2048.55,2047.3,2055.87,7763726,15961211346,222445
RELIANCE,EQ,25-Mar-21,2047.3,2054,2054,1985,1993.95,1991.45,2011.25,10153757,20421743790,292881
RELIANCE,EQ,26-Mar-21,1991.45,2012,2013.7,1973.7,1994,1994.65,1995.09,9313160,18580559231,296946
RELIANCE,EQ,30-Mar-21,1994.65,2008,2048.9,1991.55,2031.9,2029.3,2026.44,9433850,19117149422,230499
RELIANCE,EQ,31-Mar-21,2029.3,2018,2049.9,1999,2005.65,2003.1,2017.21,7499740,15128527745,193340
